kmer,score1,score2,score3,score4,score5,score6,score7,score8,score9,score10,score11,score12,score13,score14,score15,score16,score17,score18,score19,score20,score21,score22,score23,score24,score25,score26,score27,score28,score29,score30,score31,score32,score33,score34,score35,score36,score37,score38,score39,score40,score41,score42,score43,score44,score45,score46,score47,score48,score49,score50,score51,score52,score53,score54,score55,score56,score57,score58,score59,score60,score61,score62,score63,score64,score65,score66,score67,score68,score69,score70,score71,score72,score73,score74,score75,score76,score77,score78,score79,score80,score81,score82,score83,score84,score85,score86,score87,score88,score89,score90,score91,score92,score93,score94,score95,score96,score97,score98,score99,score100,score101,score102,score103,score104,score105,score106,score107,score108,score109,score110,score111,score112,score113,score114,score115,score116,score117,score118,score119,score120,score121,score122,score123,score124,score125,score126,score127,score128,score129,score130,score131,score132,score133,score134,score135,score136,score137,score138,score139
ccagg,0.0766,0.4337,0.4629,-0.18169999999999997,0.266,-0.18169999999999997,-0.18169999999999997,-0.18169999999999997,-0.2096,-0.2096,-0.2096,-0.2096,-0.11509999999999998,-0.11509999999999998,-0.11509999999999998,-0.11509999999999998,-0.18169999999999997,0.06920000000000004,0.4337,0.4629,0.4629,0.4629,0.1745,-0.18169999999999997,-0.18169999999999997,-0.2096,1.2629,0.5757,-0.019199999999999995,-0.019199999999999995,-0.019199999999999995,0.4337,-0.18169999999999997,0.3628,0.4629,-0.2096,0.4629,-0.2096,0.4337,-0.18169999999999997,0.4337,-0.18169999999999997,-0.18169999999999997,0.4337,-0.18169999999999997,-0.18169999999999997,0.4629,0.4629,0.266,0.4337,-0.3293,0.3656,-0.11509999999999998,-0.11509999999999998,-0.2096,-0.2096,-0.2096,-0.18169999999999997,-0.2096,-0.2096,0.4629,-0.2096,-0.2096,-0.14290000000000003,-0.2096,0.8873,0.7698,0.4337,0.4337,-0.2096,0.06920000000000004,0.4337,-0.2096,-0.2096,-0.18169999999999997,-0.2096,0.7819,-0.275,-0.18169999999999997,-0.4929000000000001,-0.2096,0.314,-0.2096,0.1477,-0.3174999999999999,-0.18169999999999997,-0.18169999999999997,-0.2096,-0.2096,-0.4526000000000001,-0.11509999999999998,-0.18169999999999997,-0.2096,-0.2378,-0.2096,-0.2096,-0.18169999999999997,-0.3174999999999999,-0.2096,-0.2096,-0.18169999999999997,-0.18169999999999997,0.5089000000000001,0.36839999999999995,-0.18169999999999997,0.3402,-0.18169999999999997,-0.2096,-0.2096,0.3437000000000001,-0.2096,-0.11509999999999998,-0.14290000000000003,0.7077,-0.11509999999999998,-0.2096,-0.11509999999999998,-0.11509999999999998,-0.2096,-0.11509999999999998,0.4337,-0.18169999999999997,1.5777,-0.14290000000000003,-0.2096,-0.14290000000000003,-0.14290000000000003,-0.14290000000000003,-0.14290000000000003,-0.11509999999999998,-0.11509999999999998,-0.2096,-0.14290000000000003,-0.2096,-0.11509999999999998,0.4629,-0.11509999999999998,-0.2096,0.33719999999999994
cccgg,0.24919999999999998,0.42910000000000004,0.42910000000000004,0.7082999999999999,0.3577,0.7082999999999999,0.7082999999999999,0.7082999999999999,0.7082999999999999,0.7082999999999999,0.7082999999999999,0.7082999999999999,0.7082999999999999,0.7082999999999999,0.7082999999999999,0.7082999999999999,0.7082999999999999,-0.13959999999999995,0.42910000000000004,0.42910000000000004,0.42910000000000004,0.42910000000000004,0.8084,0.7082999999999999,0.7082999999999999,0.7082999999999999,-0.9114,0.42910000000000004,-0.05519999999999997,-0.05519999999999997,-0.11780000000000002,0.42910000000000004,0.7082999999999999,0.39339999999999997,0.42910000000000004,0.7082999999999999,0.42910000000000004,0.7082999999999999,0.42910000000000004,0.7082999999999999,0.42910000000000004,0.7082999999999999,0.7082999999999999,0.42910000000000004,0.7082999999999999,0.7082999999999999,0.42910000000000004,0.42910000000000004,0.3577,0.42910000000000004,0.5631999999999999,0.7986,0.7082999999999999,0.7082999999999999,0.7082999999999999,0.7082999999999999,0.7082999999999999,0.7082999999999999,0.7082999999999999,0.7082999999999999,0.42910000000000004,0.7082999999999999,0.7082999999999999,0.7082999999999999,0.7082999999999999,0.41609999999999997,0.4992,0.42910000000000004,0.42910000000000004,0.7082999999999999,-0.13959999999999995,0.42910000000000004,0.7082999999999999,0.7082999999999999,0.7082999999999999,0.7082999999999999,-0.9890000000000001,0.8568,0.7082999999999999,0.5811999999999999,0.7082999999999999,0.42910000000000004,0.7082999999999999,0.8084,0.16000000000000003,0.7082999999999999,0.7082999999999999,0.7082999999999999,0.7082999999999999,1.4974,0.7082999999999999,0.7082999999999999,0.7082999999999999,0.6494,0.7082999999999999,0.7082999999999999,0.7082999999999999,0.16000000000000003,0.7082999999999999,0.7082999999999999,0.7082999999999999,0.7082999999999999,-0.3540000000000001,0.49960000000000004,0.7082999999999999,0.5346,0.7082999999999999,0.7082999999999999,0.7082999999999999,0.76,0.7082999999999999,0.7082999999999999,0.7082999999999999,0.04180000000000006,0.7082999999999999,0.7082999999999999,0.6372,0.7082999999999999,0.7082999999999999,0.7082999999999999,0.42910000000000004,0.7082999999999999,-0.9770000000000001,0.7082999999999999,0.7082999999999999,0.7082999999999999,0.7082999999999999,0.9313,0.7082999999999999,0.9313,0.7443,0.7082999999999999,0.7082999999999999,0.7082999999999999,0.7082999999999999,0.42910000000000004,0.7082999999999999,0.7082999999999999,0.42910000000000004
ccggg,0.2589999999999999,-0.4601000000000002,-0.4601000000000002,-0.7710999999999999,-0.25280000000000014,-0.7710999999999999,-0.7710999999999999,-0.7710999999999999,-0.7710999999999999,-0.7710999999999999,-0.7710999999999999,-0.7710999999999999,-0.7710999999999999,-0.7710999999999999,-0.7710999999999999,-0.7710999999999999,-0.7710999999999999,-1.6433000000000002,-0.4601000000000002,-0.4601000000000002,-0.4601000000000002,-0.4601000000000002,-1.2462,-0.7710999999999999,-0.7710999999999999,-0.7710999999999999,-0.8616999999999999,-0.4601000000000002,-0.20509999999999984,-0.20509999999999984,-0.32010000000000005,-0.4601000000000002,-0.7358,-0.07509999999999994,-0.4601000000000002,-0.7710999999999999,-0.4601000000000002,-0.7710999999999999,-0.4601000000000002,-0.7710999999999999,-0.4601000000000002,-0.7710999999999999,-0.7710999999999999,-0.4601000000000002,-0.7710999999999999,-0.7710999999999999,-0.4601000000000002,-0.4969999999999999,-0.25280000000000014,-0.4601000000000002,-0.5300999999999998,-0.6515,-0.7710999999999999,-0.7710999999999999,-0.7710999999999999,-0.7710999999999999,-0.7710999999999999,-0.7710999999999999,-0.7710999999999999,-0.7358,-0.4601000000000002,-0.7710999999999999,-0.7710999999999999,-0.7710999999999999,-0.7710999999999999,1.1091,-0.12759999999999994,-0.4601000000000002,-0.4601000000000002,-0.7710999999999999,-1.6433000000000002,-0.4601000000000002,-0.7710999999999999,-0.7710999999999999,-0.7710999999999999,-0.7710999999999999,1.5499999999999998,-1.0418,-0.7710999999999999,-1.7835999999999999,-0.7710999999999999,-0.4235000000000002,-0.7710999999999999,-1.2462,-2.2208,-0.7710999999999999,-0.7710999999999999,-0.7710999999999999,-0.7710999999999999,-2.3579,-0.7710999999999999,-0.7710999999999999,-0.7710999999999999,-0.9215,-0.7710999999999999,-0.7710999999999999,-0.7710999999999999,-2.4906,-0.7710999999999999,-0.7710999999999999,-0.7710999999999999,-0.7710999999999999,-1.6227000000000003,-0.3849,-0.7710999999999999,-0.3849,-0.7710999999999999,-0.7710999999999999,-0.7710999999999999,-1.4458,-0.7710999999999999,-0.7710999999999999,-0.7710999999999999,-0.07419999999999982,-0.7710999999999999,-0.7710999999999999,-0.8495999999999999,-0.7710999999999999,-0.7710999999999999,-0.7710999999999999,-0.4601000000000002,-0.7710999999999999,-1.4238,-0.7710999999999999,-0.7710999999999999,-0.7710999999999999,-0.7710999999999999,-0.8495999999999999,-0.7710999999999999,-0.8495999999999999,-0.9461999999999999,-0.7710999999999999,-0.7710999999999999,-0.7710999999999999,-0.6255000000000002,-0.4601000000000002,-0.7710999999999999,-0.7710999999999999,-0.4601000000000002
cctgg,1.3747,0.6288999999999999,0.6288999999999999,0.30259999999999987,0.6288999999999999,0.2809999999999999,0.2809999999999999,0.2809999999999999,0.2809999999999999,0.2809999999999999,0.2809999999999999,0.2809999999999999,0.2809999999999999,0.2809999999999999,0.2809999999999999,0.2809999999999999,0.2809999999999999,-0.25060000000000004,0.6288999999999999,0.6288999999999999,0.6288999999999999,0.6288999999999999,-0.3824000000000001,0.2809999999999999,0.2809999999999999,0.2809999999999999,1.1328,0.6288999999999999,0.2740999999999999,0.2740999999999999,0.2527999999999999,0.6288999999999999,0.2809999999999999,0.5652999999999999,0.6288999999999999,0.21220000000000006,0.6288999999999999,0.2809999999999999,0.6288999999999999,0.2809999999999999,0.5652999999999999,0.2809999999999999,0.2809999999999999,0.6288999999999999,0.2809999999999999,0.2809999999999999,0.6288999999999999,0.6288999999999999,0.6288999999999999,0.6288999999999999,0.2574000000000001,0.12609999999999988,0.2809999999999999,0.2809999999999999,0.2809999999999999,0.2809999999999999,0.2809999999999999,0.2809999999999999,0.2809999999999999,0.2809999999999999,0.6061999999999999,0.2809999999999999,0.2809999999999999,0.2809999999999999,0.2809999999999999,2.291,0.2822,0.6288999999999999,0.6288999999999999,0.2809999999999999,-0.25060000000000004,0.6288999999999999,0.2809999999999999,0.2809999999999999,0.2809999999999999,0.2809999999999999,0.773,0.2809999999999999,0.2809999999999999,-1.1204000000000003,0.2809999999999999,0.6527,0.2809999999999999,-0.3824000000000001,0.1572,0.2809999999999999,0.2809999999999999,0.2809999999999999,0.2809999999999999,0.15139999999999987,0.2809999999999999,0.2809999999999999,0.2809999999999999,0.05979999999999985,0.2809999999999999,0.2809999999999999,0.2809999999999999,0.1572,0.2809999999999999,0.2809999999999999,0.2809999999999999,0.2809999999999999,0.20199999999999996,0.4787999999999999,0.2809999999999999,0.4787999999999999,0.2809999999999999,0.2809999999999999,0.2809999999999999,0.5763,0.2809999999999999,0.2809999999999999,0.2809999999999999,0.5896999999999997,0.2809999999999999,0.2809999999999999,0.05979999999999985,0.1966,0.2809999999999999,0.2809999999999999,0.6288999999999999,0.2809999999999999,1.299,0.2809999999999999,0.2809999999999999,0.2809999999999999,0.2809999999999999,0.05979999999999985,0.2809999999999999,0.05979999999999985,0.3455999999999999,0.2809999999999999,0.2809999999999999,0.2809999999999999,0.2809999999999999,0.6288999999999999,0.2809999999999999,0.2809999999999999,0.6527
ccttc,4.9533000000000005,2.6664,2.6664,2.3912999999999998,2.6664,2.3912999999999998,2.3912999999999998,2.3912999999999998,2.3912999999999998,2.3912999999999998,2.3912999999999998,2.3912999999999998,2.3912999999999998,2.3912999999999998,2.3912999999999998,2.3912999999999998,2.3912999999999998,1.8453000000000002,2.6664,2.6664,2.6664,2.6664,2.8684,2.3912999999999998,2.3912999999999998,2.3912999999999998,3.0239000000000003,2.6912000000000003,2.6605999999999996,2.6605999999999996,2.6605999999999996,2.6664,2.3912999999999998,2.9429999999999996,2.6664,2.3912999999999998,2.6664,2.3912999999999998,2.6664,2.3912999999999998,2.6664,2.3912999999999998,2.3912999999999998,2.6664,2.3912999999999998,2.3912999999999998,2.6664,2.6664,2.6664,2.6664,2.4161,2.8402,2.3912999999999998,2.3912999999999998,2.3912999999999998,2.3912999999999998,2.3912999999999998,2.3912999999999998,2.3912999999999998,2.3739999999999997,2.6664,2.3912999999999998,2.3912999999999998,2.3912999999999998,2.3912999999999998,1.8296999999999999,2.6033,2.6664,2.6664,2.3912999999999998,1.7923000000000002,2.6664,2.3912999999999998,2.3912999999999998,2.3912999999999998,2.3912999999999998,2.3043,2.3912999999999998,2.3912999999999998,2.2693999999999996,2.3912999999999998,2.6664,2.3912999999999998,2.8684,2.8747000000000003,2.3912999999999998,2.3912999999999998,2.3912999999999998,2.3912999999999998,1.3743999999999998,2.3912999999999998,2.3912999999999998,2.3912999999999998,2.4463,2.3912999999999998,2.3912999999999998,2.3912999999999998,2.8747000000000003,2.3912999999999998,2.3912999999999998,2.3912999999999998,2.3912999999999998,1.7108999999999999,2.5858,2.3912999999999998,2.5858,2.3912999999999998,2.3912999999999998,2.3912999999999998,2.1546,2.3912999999999998,2.3912999999999998,2.3912999999999998,2.3739999999999997,2.3912999999999998,2.3912999999999998,2.3912999999999998,2.3912999999999998,2.3912999999999998,2.3912999999999998,2.6664,2.3912999999999998,2.8478000000000003,2.3912999999999998,2.3912999999999998,2.3912999999999998,2.3912999999999998,2.3912999999999998,2.3912999999999998,2.3912999999999998,2.3912999999999998,2.3912999999999998,2.3912999999999998,2.3912999999999998,2.3912999999999998,2.6664,2.3912999999999998,2.3912999999999998,2.6664
ggacc,-0.2873999999999999,-0.3514999999999999,-0.3514999999999999,-0.3092999999999999,-0.3514999999999999,-0.3092999999999999,-0.3092999999999999,-0.3092999999999999,-0.3092999999999999,-0.3092999999999999,-0.3092999999999999,-0.3092999999999999,-0.3092999999999999,-0.3092999999999999,-0.3092999999999999,-0.3092999999999999,-0.3092999999999999,-0.12680000000000002,-0.3514999999999999,-0.3514999999999999,-0.3514999999999999,-0.3514999999999999,-0.20399999999999996,-0.3092999999999999,-0.3092999999999999,-0.3092999999999999,-0.3840999999999999,-0.3514999999999999,0.3172999999999999,0.3172999999999999,0.3172999999999999,-0.3514999999999999,-0.3092999999999999,-0.3514999999999999,-0.3514999999999999,-0.3092999999999999,-0.3514999999999999,-0.3092999999999999,-0.3514999999999999,-0.3092999999999999,-0.3514999999999999,-0.3092999999999999,-0.3092999999999999,-0.3514999999999999,-0.3092999999999999,-0.3092999999999999,-0.3514999999999999,-0.3514999999999999,-0.3514999999999999,-0.3514999999999999,-0.3092999999999999,-0.5561,-0.3092999999999999,-0.3092999999999999,-0.3092999999999999,-0.3092999999999999,-0.3092999999999999,-0.3092999999999999,-0.3092999999999999,-0.3092999999999999,-0.3514999999999999,-0.3092999999999999,-0.3092999999999999,-0.3092999999999999,-0.3092999999999999,-0.2157,0.06529999999999991,-0.3514999999999999,-0.3514999999999999,-0.3092999999999999,-0.12680000000000002,-0.3514999999999999,-0.3092999999999999,-0.3092999999999999,-0.3092999999999999,-0.3092999999999999,-0.7149999999999999,-0.3092999999999999,-0.3092999999999999,0.37029999999999996,-0.3092999999999999,-0.3514999999999999,-0.3092999999999999,-0.20399999999999996,-0.15600000000000014,-0.3092999999999999,-0.3092999999999999,-0.3092999999999999,-0.3092999999999999,-1.1095,-0.3092999999999999,-0.3092999999999999,-0.3092999999999999,-0.3092999999999999,-0.3092999999999999,-0.3092999999999999,-0.3092999999999999,-0.15600000000000014,-0.3092999999999999,-0.3092999999999999,-0.3092999999999999,-0.3092999999999999,-0.1843999999999999,-0.36719999999999997,-0.3092999999999999,-0.36719999999999997,-0.3092999999999999,-0.3092999999999999,-0.3092999999999999,-0.36029999999999984,-0.3092999999999999,-0.3092999999999999,-0.3092999999999999,-0.3092999999999999,-0.3092999999999999,-0.3092999999999999,-0.3092999999999999,-0.3092999999999999,-0.3092999999999999,-0.3092999999999999,-0.3514999999999999,-0.3092999999999999,-1.0215,-0.3092999999999999,-0.3092999999999999,-0.3092999999999999,-0.3092999999999999,-0.3092999999999999,-0.3092999999999999,-0.3092999999999999,-0.3092999999999999,-0.3092999999999999,-0.3092999999999999,-0.3092999999999999,-0.3266,-0.3514999999999999,-0.3092999999999999,-0.3092999999999999,-0.4141999999999999
ggatg,-1.9653999999999998,-2.1774,-2.1971,-1.9357000000000002,-2.1774,-1.9357000000000002,-1.9357000000000002,-1.9357000000000002,-1.9357000000000002,-1.9146,-1.9357000000000002,-1.9357000000000002,-1.9357000000000002,-1.9357000000000002,-1.9357000000000002,-1.9357000000000002,-1.9357000000000002,-2.8266,-2.1774,-2.1774,-2.1774,-2.1774,-2.2965,-1.9357000000000002,-1.9357000000000002,-1.9357000000000002,-5.3581,-2.1581,-2.2227,-2.2227,-2.2227,-2.1774,-1.9357000000000002,-2.332,-2.1774,-1.9357000000000002,-2.1774,-1.9357000000000002,-2.1774,-1.9357000000000002,-2.1774,-1.9357000000000002,-1.9357000000000002,-2.1774,-1.9357000000000002,-1.9357000000000002,-2.1774,-2.1774,-2.1774,-2.1774,-1.9357000000000002,-2.1815,-1.9357000000000002,-1.9357000000000002,-1.9357000000000002,-1.9357000000000002,-1.9357000000000002,-1.9357000000000002,-1.9357000000000002,-1.9784000000000002,-2.1774,-1.9357000000000002,-1.9357000000000002,-1.9357000000000002,-1.9357000000000002,-0.6101,-2.2026000000000003,-2.1774,-2.1774,-1.9357000000000002,-2.8266,-2.1774,-1.9357000000000002,-1.9357000000000002,-1.9357000000000002,-1.9357000000000002,-2.3185000000000002,-1.8561,-1.9357000000000002,-3.0486000000000004,-1.9357000000000002,-2.2582,-1.9357000000000002,-2.2965,-1.7082,-1.9357000000000002,-1.9357000000000002,-1.9357000000000002,-1.9357000000000002,-3.4444,-1.9357000000000002,-1.9357000000000002,-1.9357000000000002,-1.9357000000000002,-1.9357000000000002,-1.9357000000000002,-1.9357000000000002,-1.7871,-1.9357000000000002,-1.9357000000000002,-1.9357000000000002,-1.9357000000000002,-2.9474,-2.2413,-1.9357000000000002,-2.2413,-1.9357000000000002,-1.9357000000000002,-1.9357000000000002,-2.6719,-1.9357000000000002,-1.9357000000000002,-1.9357000000000002,-1.8771,-1.9357000000000002,-1.9357000000000002,-1.9357000000000002,-1.9357000000000002,-1.9357000000000002,-1.9357000000000002,-2.1774,-1.9357000000000002,-5.300800000000001,-1.9357000000000002,-1.9357000000000002,-1.9357000000000002,-1.9357000000000002,-1.9357000000000002,-1.9357000000000002,-1.9357000000000002,-1.9357000000000002,-1.9357000000000002,-1.9357000000000002,-1.9357000000000002,-1.9357000000000002,-2.1774,-1.9357000000000002,-1.9357000000000002,-2.2582
ggccc,0.1182000000000003,0.2991999999999999,0.2991999999999999,0.2970999999999999,0.2991999999999999,0.2970999999999999,0.2970999999999999,0.2970999999999999,0.2970999999999999,0.2970999999999999,0.2970999999999999,0.2970999999999999,0.2970999999999999,0.2970999999999999,0.2970999999999999,0.2970999999999999,0.2970999999999999,-0.025100000000000122,0.2991999999999999,0.2991999999999999,0.2991999999999999,0.2991999999999999,0.04269999999999996,0.2970999999999999,0.2970999999999999,0.2970999999999999,0.09889999999999999,0.2991999999999999,0.8695999999999999,0.8695999999999999,0.8813,0.2991999999999999,0.2970999999999999,0.28959999999999986,0.2991999999999999,0.2970999999999999,0.2991999999999999,0.2970999999999999,0.2991999999999999,0.2970999999999999,0.2991999999999999,0.2970999999999999,0.2970999999999999,0.2991999999999999,0.2970999999999999,0.2970999999999999,0.2991999999999999,0.2991999999999999,0.2991999999999999,0.2991999999999999,0.30909999999999993,0.4151,0.2970999999999999,0.2970999999999999,0.2970999999999999,0.2970999999999999,0.2970999999999999,0.2970999999999999,0.2970999999999999,0.2970999999999999,0.2991999999999999,0.2970999999999999,0.2970999999999999,0.2970999999999999,0.2970999999999999,1.3342999999999998,0.07120000000000015,0.2991999999999999,0.2991999999999999,0.2970999999999999,-0.025100000000000122,0.2991999999999999,0.2970999999999999,0.2970999999999999,0.2970999999999999,0.2970999999999999,1.2363,0.2970999999999999,0.2970999999999999,0.6946999999999999,0.2970999999999999,0.2875000000000001,0.2970999999999999,0.04269999999999996,0.009500000000000064,0.2970999999999999,0.2970999999999999,0.2970999999999999,0.2970999999999999,1.1037,0.2970999999999999,0.2970999999999999,0.2970999999999999,0.24060000000000015,0.2970999999999999,0.2970999999999999,0.2970999999999999,0.009500000000000064,0.2970999999999999,0.2970999999999999,0.2970999999999999,0.2970999999999999,-0.025100000000000122,0.3042,0.2970999999999999,0.25949999999999984,0.2970999999999999,0.2970999999999999,0.2970999999999999,0.7953000000000001,0.2970999999999999,0.2970999999999999,0.2970999999999999,0.3527,0.2970999999999999,0.2970999999999999,0.2970999999999999,0.2970999999999999,0.2970999999999999,0.2970999999999999,0.2991999999999999,0.2970999999999999,-0.05249999999999999,0.2970999999999999,0.2970999999999999,0.2970999999999999,0.2665000000000002,0.2665000000000002,0.2970999999999999,0.2970999999999999,0.2970999999999999,0.2970999999999999,0.2970999999999999,0.2970999999999999,0.3454999999999999,0.2991999999999999,0.2970999999999999,0.2970999999999999,0.2875000000000001
gggcc,-0.17799999999999994,-1.1195999999999997,-1.1195999999999997,-1.0261,-1.1844,-1.0261,-1.0261,-1.0261,-1.0261,-1.0261,-1.0261,-1.0261,-1.0261,-1.0261,-1.0261,-1.0261,-1.0261,-0.08679999999999999,-1.1195999999999997,-1.1195999999999997,-1.1195999999999997,-1.1195999999999997,-1.0484,-1.0261,-1.0261,-1.0261,-0.24120000000000008,-1.1195999999999997,-0.6673,-0.6673,-0.6673,-1.1195999999999997,-1.0114,-1.1038999999999999,-1.1195999999999997,-1.0261,-1.1195999999999997,-1.0261,-1.1195999999999997,-1.0261,-1.1195999999999997,-1.0261,-1.0261,-1.1195999999999997,-1.0261,-1.0261,-1.1195999999999997,-1.1195999999999997,-1.1844,-1.1195999999999997,-1.0261,-0.9657999999999998,-1.0261,-1.0261,-1.0261,-1.0261,-1.0261,-1.0261,-1.0261,-1.0114,-1.1195999999999997,-1.0261,-1.0261,-1.0261,-1.0261,0.49880000000000013,-1.9191999999999998,-1.1195999999999997,-1.1195999999999997,-1.0261,-0.08679999999999999,-1.1195999999999997,-1.0261,-1.0261,-1.0261,-1.0261,0.04650000000000043,-1.0261,-1.0261,-0.044399999999999995,-1.0261,-1.1104999999999998,-1.0261,-1.0484,-0.5703999999999998,-1.0261,-1.0261,-1.0261,-1.0261,1.6794,-1.0261,-1.0261,-1.0261,-1.0261,-1.0261,-1.0261,-1.0261,-0.5703999999999998,-1.0261,-1.0261,-1.0261,-1.0261,-0.1956,-1.1642000000000001,-1.0261,-0.6467,-1.0261,-1.0261,-1.0261,-0.4596,-1.0261,-1.0261,-1.0261,-0.9223000000000001,-1.0261,-1.0261,-1.0261,-1.0261,-1.0261,-1.0261,-1.1195999999999997,-1.0261,0.3388,-1.0261,-1.0261,-1.0261,-1.0261,-1.0261,-1.0261,-1.0261,-1.1038999999999999,-1.0261,-1.0261,-1.0261,-1.0261,-1.1195999999999997,-1.0261,-1.0261,-1.1757999999999997
ggtcc,1.0199,0.9288000000000003,0.9288000000000003,1.0073000000000003,0.9288000000000003,1.0073000000000003,1.0073000000000003,1.0073000000000003,1.0073000000000003,1.0073000000000003,1.0073000000000003,1.0073000000000003,1.0073000000000003,1.0073000000000003,1.0073000000000003,1.0073000000000003,1.0073000000000003,1.1387999999999998,0.9288000000000003,0.9288000000000003,0.9288000000000003,0.9288000000000003,0.9769000000000001,1.0073000000000003,1.0073000000000003,1.0073000000000003,0.25849999999999995,1.0607000000000002,1.7838000000000003,1.7838000000000003,1.7838000000000003,0.9288000000000003,0.9472000000000003,0.9288000000000003,0.9288000000000003,1.0073000000000003,0.9288000000000003,1.0073000000000003,0.9288000000000003,1.0073000000000003,0.9288000000000003,1.0073000000000003,1.0073000000000003,0.9288000000000003,1.0073000000000003,1.0073000000000003,0.9288000000000003,0.9288000000000003,0.9288000000000003,0.9288000000000003,1.0510000000000002,0.9028000000000003,1.0073000000000003,1.0073000000000003,1.0073000000000003,1.0073000000000003,1.0073000000000003,1.0073000000000003,1.0073000000000003,0.9472000000000003,0.9288000000000003,1.0073000000000003,1.0073000000000003,1.0073000000000003,1.0073000000000003,0.39,1.4851999999999999,0.9288000000000003,0.9288000000000003,1.0073000000000003,1.1387999999999998,0.9288000000000003,1.0073000000000003,1.0073000000000003,1.0073000000000003,1.0073000000000003,0.4778,1.0073000000000003,1.0073000000000003,0.8634000000000002,0.9413000000000002,0.9725000000000001,1.0073000000000003,0.9769000000000001,0.8004999999999998,1.0073000000000003,1.0073000000000003,1.0073000000000003,1.0073000000000003,1.6486,1.0073000000000003,1.0073000000000003,1.0073000000000003,0.9472000000000003,1.0073000000000003,1.0073000000000003,1.0073000000000003,0.8004999999999998,1.0073000000000003,1.0073000000000003,1.0073000000000003,1.0073000000000003,1.0394,1.0590000000000002,1.0073000000000003,1.0590000000000002,1.0073000000000003,1.0073000000000003,1.0073000000000003,1.2874000000000003,1.0073000000000003,1.0073000000000003,1.0073000000000003,0.8033000000000001,1.0073000000000003,1.0073000000000003,1.0073000000000003,1.0073000000000003,1.0073000000000003,1.0073000000000003,0.9288000000000003,1.0073000000000003,-0.33740000000000014,1.0073000000000003,1.0073000000000003,1.0073000000000003,1.0073000000000003,1.0073000000000003,1.0073000000000003,1.0073000000000003,1.0073000000000003,1.0073000000000003,1.0073000000000003,1.0073000000000003,1.0073000000000003,0.9288000000000003,1.0073000000000003,1.0073000000000003,0.9288000000000003
