kmer,score1,score2,score3,score4,score5,score6,score7,score8,score9,score10,score11,score12,score13,score14,score15,score16,score17,score18,score19,score20,score21,score22,score23,score24,score25,score26,score27,score28,score29,score30,score31,score32,score33,score34,score35
aagctt,-0.5911000000000002,-0.5533000000000001,-0.5911000000000002,-0.8424000000000001,-0.5911000000000002,0.6709,-0.5911000000000002,-0.5911000000000002,-0.5911000000000002,-0.6007,-0.5911000000000002,-0.3873000000000002,-0.8424000000000001,-0.5911000000000002,-0.5911000000000002,-0.5911000000000002,-0.5911000000000002,-0.1794,-0.37050000000000005,-0.1794,-0.5911000000000002,-0.5911000000000002,-0.5911000000000002,-0.5911000000000002,-0.5911000000000002,-0.5911000000000002,-0.23809999999999998,1.3832,1.3832,1.3832,-0.1794,-2.609,-0.8424000000000001,-0.7199000000000001,-0.5911000000000002
accggc,-0.2248,0.11210000000000003,-0.2248,0.3027,-0.2248,0.5197,-0.2248,-0.2248,-0.2248,1.4258000000000002,-0.2248,1.0063,0.3027,-0.2248,-0.2248,-0.2248,-0.2248,1.264,0.6962,1.264,-0.2248,-0.2248,-0.2248,-0.2248,-0.2248,-0.2248,-1.2307000000000001,1.9919,1.9919,1.9919,1.264,1.0897000000000001,0.3027,-1.2626,-0.2248
accggt,-1.7606000000000002,-1.7606000000000002,-1.7606000000000002,-0.24009999999999998,-1.7606000000000002,1.6426,-1.7606000000000002,-1.7606000000000002,-1.7606000000000002,-1.9999,-1.7606000000000002,-2.0587,-0.24009999999999998,-1.7606000000000002,-1.7606000000000002,-1.7606000000000002,-1.7606000000000002,-0.2965,-2.3810000000000002,-0.2965,-1.7606000000000002,-1.7606000000000002,-1.7606000000000002,-1.7606000000000002,-1.7606000000000002,-1.7606000000000002,-1.7797,1.4977,1.4977,1.4977,-0.2965,-1.4931,-0.24009999999999998,-1.1268,-1.7606000000000002
cgatcg,0.6322000000000001,1.0303,0.6322000000000001,-0.1279,0.6322000000000001,-1.2245000000000001,0.6322000000000001,0.6322000000000001,0.6322000000000001,0.8234,0.6322000000000001,1.1044,-0.1279,0.6322000000000001,0.6322000000000001,0.6322000000000001,0.6322000000000001,1.3787,2.0568,1.3787,0.6322000000000001,0.6322000000000001,0.6322000000000001,0.6322000000000001,0.6322000000000001,0.6322000000000001,-0.3692,-1.0826,-1.0826,-1.0826,1.3787,0.5482,-0.1279,1.123,0.6322000000000001
cttaag,0.3368,0.242,0.3368,-0.7384,0.3368,-0.47840000000000005,0.3368,0.3368,0.3368,0.5148,0.3368,0.1932,-0.7384,0.3368,0.3368,0.3368,0.3368,-2.3429,0.5879,-2.3429,0.3368,0.3368,0.3368,0.3368,0.3368,0.3368,0.4608,-0.5811,-0.5811,-0.6156999999999999,-2.3429,1.033,-0.7384,0.5297,0.3368
gccggc,-2.1991,-2.9427000000000003,-2.1991,-1.4070000000000003,-2.1991,2.3720000000000003,-2.1991,-2.1991,-2.1991,-2.2701000000000002,-2.1991,-2.7201000000000004,-1.4070000000000003,-2.1991,-2.1991,-2.1991,-2.1991,-2.0835000000000004,-2.6379,-2.0835000000000004,-2.1991,-2.1991,-2.1991,-2.1991,-2.1991,-2.1991,-2.0444,2.0476,2.0476,2.0476,-2.0835000000000004,-3.1551,-1.4070000000000003,-2.6124,-2.1991
gccggt,-0.7803,-0.5683,-0.7803,-2.12,-0.7803,-0.02250000000000002,-0.7803,-0.7803,-0.7803,-0.3174000000000001,-0.7803,0.18910000000000005,-2.12,-0.7803,-0.7803,-0.7803,-0.7803,-2.0855,-0.13870000000000005,-2.0855,-0.7803,-0.7803,-0.7803,-0.7803,-0.7803,-0.7803,-0.9195,-0.26990000000000003,-0.26990000000000003,-0.26990000000000003,-2.0855,-0.8688,-2.12,-0.3578000000000001,-0.7803
ggcgcc,0.0024000000000001798,0.04789999999999983,0.0024000000000001798,-0.7823,0.0024000000000001798,0.21109999999999984,0.0024000000000001798,0.0024000000000001798,0.0024000000000001798,0.09050000000000002,0.0024000000000001798,-0.014100000000000001,-0.7823,0.0024000000000001798,0.0024000000000001798,0.0024000000000001798,0.0024000000000001798,-0.26290000000000013,-1.0268,-0.26290000000000013,0.0024000000000001798,0.0024000000000001798,0.0024000000000001798,0.0024000000000001798,0.0024000000000001798,0.0024000000000001798,0.13270000000000026,0.5352999999999999,0.5352999999999999,0.5352999999999999,-0.26290000000000013,-0.3824000000000001,-0.7823,-0.764,0.0024000000000001798
gtcgac,-0.9342,-0.6185,-0.9342,0.4567,-0.9342,0.1705,-0.9342,-0.9342,-0.9342,-0.5963,-0.9342,0.1111,0.4567,-0.9342,-0.9342,-0.9342,-0.9342,1.3294,0.329,1.3294,-0.9342,-0.9342,-0.9342,-0.9342,-0.9342,-0.9342,-0.9342,1.1449,1.1449,1.1449,1.3294,0.7209,0.4567,-1.1269,-0.9342
