kmer,score1,score2,score3,score4,score5,score6,score7,score8,score9,score10,score11,score12,score13,score14,score15,score16,score17,score18,score19,score20,score21,score22,score23,score24,score25,score26,score27,score28,score29,score30,score31,score32,score33,score34,score35,score36,score37,score38,score39,score40,score41,score42,score43,score44,score45,score46,score47,score48,score49,score50,score51,score52,score53,score54,score55,score56,score57,score58,score59,score60,score61,score62,score63,score64,score65,score66,score67
accggc,-1.9521,-2.6812,-1.2366000000000001,-1.0591,-3.5061999999999998,-1.3109000000000002,-2.697,-2.7608,-2.2264,-2.3571,-2.7608,-3.3485,-2.7608,-3.2816,-3.5702,-2.5226,-1.1577000000000002,-0.6818,-2.7608,-3.301,-1.8128000000000002,-2.1612,-0.6089,-0.4172999999999999,-2.3748,-0.6818,-3.4705000000000004,-2.1943,-0.2714000000000001,-2.6143,-2.3777999999999997,-1.5021,-2.4543999999999997,-3.0266,-3.0266,-1.6654,-2.5239000000000003,-2.7608,-2.4638,-2.9261000000000004,-1.9357,-2.2672,-2.4638,-2.629,-1.0361000000000002,-2.4882,-2.1827,-2.7608,-1.7538,-2.229,-1.1475,-2.846,-0.9353,-1.4261,-1.1136,-3.4543,-1.1475,-3.9119,-3.6651,-3.835,-3.6651,-3.6651,-3.2309,-2.6812,-2.5226,-2.6531000000000002,-3.0072
accggt,3.0984,1.0653000000000001,0.8183,0.8082,1.7097000000000002,1.264,2.6627,2.834,0.3728,0.7611,2.834,2.6715,2.834,2.6444,1.8585,1.0653000000000001,1.4209999999999998,1.9003999999999999,2.834,1.4754,0.5686,1.9209,0.6637,-0.5469999999999999,0.8952,1.9003999999999999,1.4764,1.581,0.7509000000000001,0.9053,0.4609,0.6832,0.674,2.3395,2.3395,1.3644,2.5389,2.834,2.5062,1.9448999999999999,1.695,1.4741,2.5062,1.4003999999999999,-0.8145,0.9905,1.1322999999999999,2.834,0.9106000000000001,0.8941,0.9383,0.9264,2.1739,0.5923,0.9659,1.2474,0.9383,2.3762,2.1017,1.9566000000000001,2.1017,2.1017,1.828,1.0653000000000001,1.0653000000000001,2.0983,3.0125
cggcca,-0.4758,0.6709,-1.9062000000000001,-1.9491,1.0617999999999999,0.02870000000000006,1.2441,1.3157,1.038,0.4522,1.3157,0.8394,1.3157,1.3157,1.1593,0.5542000000000001,3.0627999999999997,-0.5511999999999999,1.3157,0.6922,2.1159,1.8493,-0.7799,2.8723,0.6686000000000001,-0.5511999999999999,0.4995,-0.31940000000000013,-0.0295,1.2804000000000002,0.5871999999999999,-1.1701,-1.1828,-0.1884,-0.09750000000000003,1.5391,-0.16889999999999994,1.3157,-0.16889999999999994,1.9903,1.7146,-0.6789000000000001,-0.16889999999999994,1.5373999999999999,1.4367999999999999,1.2804000000000002,0.3357,1.3157,0.44820000000000004,1.3155999999999999,-1.6437,1.3418,1.0108000000000001,-0.7159,-1.4963,0.5774,-1.6437,0.9791,0.3911,0.8539,0.3911,0.3911,1.3471,0.6709,0.6709,-0.13970000000000005,0.04049999999999998
cggccg,-0.8795000000000002,-1.3362,-1.498,-0.706,-1.0561,-1.9076,-1.0914000000000001,-0.8542000000000001,-1.7311,-0.9356,-0.8542000000000001,-0.8491000000000001,-0.8542000000000001,-0.8542000000000001,-1.7055,-1.2935,-1.1347,-0.6153,-0.8542000000000001,-1.424,-0.7045999999999999,-0.7465999999999999,-1.5419,-3.6158,-0.5573999999999999,-0.6153,-1.4407,-1.2707000000000002,-3.0762,-1.3362,-1.1978,-1.6503999999999999,-0.8353999999999999,-1.03,-0.9798,-1.4565000000000001,-0.5691000000000002,-0.8542000000000001,-0.5691000000000002,-1.9352,-2.7767,-0.9253,-0.5691000000000002,-1.0059999999999998,-1.971,-1.3362,-0.9646999999999999,-0.8542000000000001,-0.9034,-1.0348000000000002,-0.7917000000000001,-1.2348999999999999,-2.1893000000000002,-1.1332,-0.8382000000000001,-1.4474,-0.7917000000000001,-1.3920000000000001,-1.3632,-1.3468,-1.3632,-1.3632,-1.5124,-1.3362,-1.3362,-1.6363,-1.1537
ctgcag,-0.5891,-1.0579999999999998,-0.07010000000000005,0.42610000000000015,1.7626,0.21310000000000007,-0.3813,-0.4736,-0.18369999999999997,-1.3287,-0.4736,-0.8510999999999999,-0.4736,-0.12359999999999993,0.14210000000000012,-1.0579999999999998,-1.5253999999999999,0.6181,-0.4736,-0.32940000000000014,-1.0264000000000002,-1.0518,1.3597000000000001,1.7327000000000001,-0.8904,0.6181,-0.4607999999999999,0.2068000000000001,-1.9451999999999998,-1.5396999999999998,-1.3756,-0.1269,1.0318,-0.8731,-0.8731,0.13470000000000004,-1.0324000000000002,-0.21700000000000008,-1.0324000000000002,-1.2281,-0.5136,0.14210000000000012,-1.0324000000000002,-1.5793000000000004,0.30400000000000005,-1.443,0.4806999999999999,-0.3840000000000001,0.8107000000000001,-1.1284999999999998,0.42610000000000015,-1.1767999999999998,-0.7121999999999999,0.14680000000000004,0.7622000000000002,-1.5447,0.42610000000000015,-0.01990000000000003,0.4757,0.22950000000000004,0.4757,0.4757,-0.43299999999999994,-1.0579999999999998,-0.9612999999999999,-0.2690999999999999,-0.37649999999999983
gaattc,0.5333,-0.2214,1.0859,1.6023,1.5056,0.03639999999999999,-0.6876,-1.1417,1.3326,0.7052,-1.1417,-1.3149,-1.1417,-1.1022,0.5219,-0.6668000000000001,-0.39969999999999994,0.37629999999999997,-1.1417,0.9126000000000001,-0.972,0.5569,0.8859,-0.5639,0.9811,0.37629999999999997,-0.47059999999999996,1.0016,-1.4518,-0.6668000000000001,0.2017,0.667,-1.4884,-0.754,-0.754,-0.9020999999999999,-0.9085000000000001,-1.1417,-0.9085000000000001,-1.8372,-0.43420000000000014,-0.2513,-0.9085000000000001,0.0867,-1.9916,-0.6668000000000001,0.0831,-1.1417,-0.9338,0.0867,1.6023,0.7845,-0.0695,0.7906,1.6817,0.7845,1.6023,-0.12310000000000001,0.5604,-0.12310000000000001,0.5604,0.5604,0.1883,-0.2214,-0.6668000000000001,0.6968,-1.1022
gacgcc,-0.35730000000000006,-1.4073000000000002,-0.7048000000000001,-0.9082999999999999,-2.208,0.6831,0.20750000000000002,0.20750000000000002,-1.29,-0.7636000000000001,0.20750000000000002,0.5712999999999999,0.20750000000000002,0.7445999999999999,-0.6614999999999999,-1.5069000000000001,-1.4683,-0.9398,0.20750000000000002,-0.6788,-0.1493,0.4144,-2.7912999999999997,-1.0615999999999999,-0.8939999999999999,-0.9398,0.5975,-0.4457,-1.2038,-1.4685000000000001,0.9552,0.9878999999999998,-0.8664999999999999,-0.3225,-0.3225,0.22599999999999998,-0.9696,0.20750000000000002,-0.9696,-0.5720000000000001,-0.8240000000000001,-1.1408999999999998,-0.9696,-0.5092999999999999,0.8063,-1.4127,-0.13280000000000003,-0.1341,-0.8691,-1.3620999999999999,-0.7781,-0.8021999999999999,-0.06509999999999999,0.5675999999999999,-0.813,-0.9776999999999999,-0.7781,-0.4474,-0.7598999999999999,-1.0097999999999998,-0.7598999999999999,-0.7598999999999999,-1.0506,-1.4073000000000002,-1.3597000000000001,-0.20609999999999995,0.30510000000000004
gacgtc,1.6160999999999999,1.0688,0.1764,0.6472,1.6556,0.1686,1.0339,1.2584,0.4497,0.5718,1.2584,2.0911,1.2584,0.9567,1.4947,1.0688,-0.5588,-0.8261000000000001,1.2584,1.2248,2.0703,-0.9707,1.3919,1.5252,0.8364,-0.8261000000000001,0.20910000000000006,1.1914,0.5588,1.3136,-1.8142,0.9344999999999999,0.21980000000000002,0.1601,0.1601,0.6366,1.0244,1.2584,1.0244,-0.4708,1.6316000000000002,2.2748,1.0244,0.8605,0.9670000000000001,1.2144000000000001,2.0648999999999997,1.6648999999999998,0.2491,0.5718,0.6472,0.44300000000000006,1.7631999999999999,1.0353,0.2133,0.48519999999999996,0.6472,1.7938,1.7174,1.9,1.7174,1.7174,1.3267,1.0688,1.0688,1.059,1.2584
gagccc,-0.7179,0.4935,1.174,-0.01079999999999992,0.9980000000000001,-1.2729,-1.3481,-1.2652999999999999,-1.312,0.0691,-1.2652999999999999,-0.31820000000000004,-1.2652999999999999,-1.2373,-0.37309999999999993,0.4935,-1.0161,-0.4797,-1.2652999999999999,-1.5173,-2.0423,-0.0237,1.1987999999999999,-0.6822000000000001,-1.2852,-0.4797,-0.5563,-0.1752,0.4507,0.8739,0.1269,-0.5598,-0.5619,-0.5527,-0.47650000000000003,-0.3299,-0.5345,-1.2652999999999999,-0.5345,-1.1589,0.3444999999999999,-0.5512999999999999,-0.5345,0.0489,-0.7227,0.4935,-1.2322,-1.2652999999999999,-1.7287,-1.0880999999999998,0.9881,0.0578,2.5191,0.40449999999999997,0.9481,-0.0702,0.9881,-0.3479,-0.1972,-0.16199999999999998,-0.1972,-0.1972,0.9242,0.4935,0.4935,0.47430000000000005,-1.2587000000000002
gagctc,-1.7396,-0.5482,-1.7898999999999998,-0.39540000000000003,-0.6484,-0.18490000000000006,-1.5596,-1.5596,0.009399999999999964,0.22399999999999998,-1.5596,-1.9598999999999998,-1.5596,-1.5596,-1.4811999999999999,-0.5641,-0.7675000000000001,-2.2009,-1.5596,-1.3775,1.7408000000000001,-0.08250000000000002,-0.6954,0.8920999999999999,0.28379999999999994,-2.2009,-1.6827,-1.9586000000000001,-2.915,0.0943,-0.12270000000000003,-1.6206,-1.1444,-1.8121999999999998,-1.8121999999999998,0.08519999999999994,-1.7908,-1.5596,-1.7908,-0.149,-0.7315,-1.2626,-1.7305,0.28379999999999994,1.445,0.0943,-1.1152,-1.5596,-0.4458,0.2663,-0.39540000000000003,-0.31079999999999997,-0.5794,-1.8349000000000002,-1.2151999999999998,-0.3,-0.39540000000000003,-1.7004,-1.6581,-1.6406,-1.6581,-1.6581,-0.7738,-0.5482,-0.5482,-2.1388,-1.4616
gccggc,-0.48439999999999994,-1.8606,-0.46199999999999997,0.5651000000000002,-1.2701,-1.2486,-1.5619999999999998,-1.2225,-2.0802,-1.918,-1.2225,-1.1772999999999998,-1.2225,-1.4401,-1.9108,-1.8606,-0.8744000000000001,-1.9673,-1.2225,-1.8396,-1.9111,-0.5488,-2.6180000000000003,0.05230000000000001,-1.6763,-1.9673,-2.2886,-1.7233,-0.6035000000000001,-2.0232,-2.3618,-0.9105,-1.3231,-0.8203,-0.8203,-1.0013,-1.0202,-1.2225,-0.9564000000000001,-0.3006,1.0711000000000002,-2.1801,-0.9564000000000001,-2.0102,0.1068,-2.0575,-1.9525000000000001,-1.2225,-1.9752999999999998,-1.6659,0.6516000000000002,-1.5065,0.2106999999999999,-0.9966,0.5697999999999999,-2.0416,0.6516000000000002,-1.8452,-1.7012,-1.9056,-1.7012,-1.7012,-1.2992000000000001,-1.8606,-1.8606,-0.9626,-1.505
gccggt,-1.9768,-1.0223,-0.37470000000000003,0.34629999999999994,-1.242,-1.41,-1.1008,-1.7306000000000001,-1.5185,-1.4548,-1.7306000000000001,-0.6832,-1.7306000000000001,-1.6305,-1.7654,-1.1667,-2.7479,-1.4432,-1.7306000000000001,-1.2481,-2.1886,-2.027,-0.3272,-0.15260000000000007,-1.6291000000000002,-1.4432,-1.6126,-1.1543,-0.6403,-1.3357,-1.6056000000000001,-1.3694000000000002,-1.2913000000000001,-1.9092000000000002,-1.9092000000000002,-1.8191000000000002,-1.8820000000000001,-1.7306000000000001,-1.9129999999999998,-2.8377,-1.1930999999999998,-0.852,-1.9129999999999998,-1.3369,0.4165000000000001,-1.3656000000000001,-1.1021,-1.7306000000000001,-0.7802000000000001,-1.7331,0.5791999999999999,-2.0736999999999997,-1.9153,-1.5049000000000001,0.4948,-1.5001,0.5791999999999999,-0.6463000000000001,-0.5227,-0.6205,-0.5227,-0.5227,-0.8621000000000001,-1.0223,-1.1667,-1.9233000000000002,-1.5713000000000001
gcgcgc,-1.8706,-0.7714,-2.8426,-0.9745999999999999,0.34919999999999995,-0.22569999999999996,-1.3549,-1.3549,-1.0877999999999999,-0.9922,-1.3549,-1.3014999999999999,-1.3549,-1.2012,-1.1653,-0.7714,-1.3898000000000001,-1.109,-1.3549,-0.762,-0.8477999999999999,-0.5510999999999999,1.0206000000000002,1.0795,-1.0235,-1.109,-1.3477,-0.08829999999999993,0.48270000000000013,-0.4841,-1.2609000000000001,-1.5095999999999998,-0.7627999999999999,-1.7955,-1.7955,0.24450000000000016,-1.633,-1.3549,-1.633,0.48940000000000006,-0.8252000000000002,-0.7258,-1.5453,-0.9128000000000001,0.036699999999999955,-0.3718,-1.0532,-1.3549,-0.6664000000000001,-1.0235,-0.9745999999999999,-0.7079,-1.5884,-0.9630000000000001,-0.7645,-1.2984,-0.9745999999999999,-0.6705000000000001,-0.8683000000000001,-0.8089,-0.8683000000000001,-0.8683000000000001,-0.9943,-0.7714,-0.7714,0.4879,-1.2982
ggcgcc,-0.3523999999999998,-0.25100000000000033,-1.1979,-1.2136000000000002,0.08299999999999974,-0.9729000000000001,-0.7443999999999997,-0.8354999999999999,-0.02289999999999992,-0.23859999999999992,-0.8354999999999999,-1.2961999999999998,-0.8354999999999999,-0.8354999999999999,-1.1266999999999998,-0.25100000000000033,0.33350000000000035,-0.2958000000000003,-0.8354999999999999,-0.8905999999999998,-0.5036,0.02499999999999991,-1.5882,-1.0161,-0.24180000000000001,-0.2958000000000003,-0.8715999999999999,-1.0997000000000001,-1.6893,-0.11860000000000026,-0.12990000000000013,-1.5582000000000003,-1.9164,-0.9906000000000001,-0.9906000000000001,-1.2039,-0.7980999999999998,-0.8354999999999999,-0.7980999999999998,0.005700000000000038,-1.4189,-1.033,-0.7980999999999998,-0.5841000000000003,-1.5578999999999998,-0.059900000000000286,-0.808,-0.8354999999999999,-0.35329999999999995,-0.3952,-1.1932000000000003,0.3884000000000003,-1.5527,-1.7759000000000003,-1.2247000000000001,0.09860000000000024,-1.1932000000000003,-1.1418,-0.8348,-1.2399999999999998,-0.8348,-0.8348,-1.3445,-0.25100000000000033,-0.25100000000000033,-2.2520000000000002,-0.7097
ggcgtc,-0.13360000000000016,0.3700999999999999,-0.39709999999999995,0.698,-0.12780000000000002,1.2644,0.21239999999999992,0.21239999999999992,1.1163,0.6453,0.21239999999999992,-0.6733999999999999,0.21239999999999992,-0.038000000000000034,0.5459,0.2518,1.184,0.7195,0.21239999999999992,0.1903999999999999,0.6029,2.4947,-0.24290000000000003,-0.517,1.7769,0.7195,0.13219999999999987,-0.10220000000000001,-0.43320000000000003,0.3204,0.636,0.4235000000000001,0.8619,0.36939999999999995,0.36939999999999995,0.06400000000000006,0.5054,0.21239999999999992,0.5054,0.983,0.1144,0.5150000000000001,0.3409000000000001,1.022,-0.19639999999999996,0.7534,1.0110000000000001,0.32879999999999987,1.1038000000000001,1.0525,0.7547999999999999,0.6611,-0.3607,-0.18610000000000004,0.6842999999999999,1.1450999999999998,0.7547999999999999,0.7652,1.1812999999999998,0.6973,1.1812999999999998,1.1812999999999998,0.9279000000000001,0.3700999999999999,0.2518,0.20959999999999995,0.2742
gggccc,-1.3866,1.9275,1.0402,0.26859999999999995,1.6480000000000001,-0.6771,1.1985,1.1072,2.8623000000000003,2.3033,1.1072,2.3154,1.1072,1.1072,0.27959999999999996,1.964,0.6655,-1.0052999999999999,1.1072,0.6187,-0.4336,1.5176,0.7284999999999999,-0.3779,1.8235999999999999,-1.0052999999999999,0.728,1.1061,0.06290000000000007,1.9275,2.9317,0.9887999999999999,-1.5615999999999999,-0.9904999999999999,-1.0939,-0.8483,-1.2043,1.1072,-1.2043,0.2279,-1.6608,1.5679,-1.2043,1.7953000000000001,-1.0070000000000001,1.9275,2.7222,1.1072,0.6079999999999999,1.6131000000000002,0.3033,0.8186,-1.3707,1.0077,0.26859999999999995,0.7085,0.3033,1.4606,1.8535,1.4982,1.8535,1.8535,1.4982,1.9275,1.9275,1.166,1.474
gggctc,0.1757000000000002,0.15490000000000004,-0.6514,-0.358,-0.0636000000000001,1.6530999999999998,-0.3277000000000001,-0.09050000000000002,0.8393000000000002,0.9359999999999999,-0.09050000000000002,0.9126000000000001,-0.09050000000000002,-0.1714,-0.10949999999999993,0.15490000000000004,0.8448,0.6497999999999999,-0.09050000000000002,-0.00890000000000013,0.9110999999999998,1.7062,-1.2948000000000002,0.12940000000000018,0.9359999999999999,0.6497999999999999,0.737,-0.15460000000000007,-0.4691000000000001,0.08250000000000002,0.5110000000000001,-0.2039000000000002,-0.49049999999999994,-0.05490000000000017,-0.05490000000000017,0.3006000000000001,0.10900000000000021,-0.09050000000000002,0.10900000000000021,0.5234999999999999,0.7862000000000002,-0.2825,0.10900000000000021,0.9182000000000001,-1.0733000000000001,0.08250000000000002,0.12660000000000005,-0.13149999999999995,1.7718,0.8364,-0.2502000000000001,0.8926000000000001,-0.29920000000000013,-0.41310000000000013,-0.08850000000000002,1.0803,-0.2502000000000001,0.5092000000000001,0.482,0.5092000000000001,0.482,0.482,0.3860999999999999,0.15490000000000004,0.15490000000000004,-0.10350000000000015,-0.04180000000000006
ggtctc,1.0070999999999999,0.10119999999999996,0.5737,0.1725,0.036900000000000044,-0.7045000000000001,-0.3844000000000001,-0.3844000000000001,0.20210000000000006,0.5070999999999999,-0.3844000000000001,-0.5952999999999999,-0.3844000000000001,-0.2238,-0.25689999999999996,0.10119999999999996,-0.1486,-0.9040000000000001,-0.3844000000000001,0.20769999999999994,0.23070000000000002,0.9046000000000001,0.20909999999999995,-0.7916000000000001,0.20210000000000006,-0.9040000000000001,0.12479999999999997,-0.6399,0.055400000000000005,-0.10419999999999996,0.6852,1.0249,0.9948,-0.2262,-0.2262,0.6225,-0.22899999999999998,-0.44020000000000015,-0.22899999999999998,0.7915000000000001,-0.6924000000000001,-0.42979999999999996,-0.22899999999999998,0.46359999999999996,-3.0871,-0.10419999999999996,0.07610000000000006,-0.348,1.1229,0.21099999999999997,0.22309999999999997,0.1623,0.6062,1.2879,0.23919999999999997,-0.4725,0.22309999999999997,-0.2247,-0.01200000000000001,0.010199999999999987,-0.01200000000000001,-0.01200000000000001,-0.1804,0.10119999999999996,0.10119999999999996,-0.9356,-0.021600000000000064
gtcgac,-2.3415,-0.7385,0.5477,1.3454,1.9721000000000002,0.5071,-0.6172,-0.6172,0.6406,0.5477,-0.6172,-0.05990000000000001,-0.6172,-0.527,-0.6423,-0.7385,-0.592,-1.1852,-0.6172,0.8944,0.5371,1.3909,1.487,-1.1422,0.6901,-1.1852,-0.6423,0.5477,1.7199,-0.4944,1.6408,2.1711,0.5076,-1.7837,-1.7837,0.6406,-1.8436,-0.6172,-1.8436,0.6901,-1.4045999999999998,-0.6423,-1.8436,0.4432,1.8156,-0.4944,0.6406,-0.6172,-1.0351,-0.5669,1.3454,0.6406,-0.2041,0.7369000000000001,1.3454,-0.75,1.3454,-0.6423,0.6406,-0.6423,0.6406,0.6406,-0.6423,-0.7385,-0.7385,1.6749,0.5669
tggcca,-0.13190000000000013,-1.0258,-0.30699999999999994,1.1495000000000002,0.5235000000000001,1.8948999999999998,-0.9148999999999999,-0.7867999999999999,-0.2839,-0.9325000000000001,-0.7867999999999999,-0.6854,-0.7867999999999999,-0.7867999999999999,-0.8069,-1.1069,-1.8339,2.1997999999999998,-0.7867999999999999,-1.605,-1.5941999999999998,-0.357,0.021700000000000053,-1.701,-0.8318000000000001,2.1997999999999998,-1.9378000000000002,-0.33599999999999985,-0.7075,-1.1817,0.7233,0.6683000000000001,-0.9807999999999999,-1.1341999999999999,-1.29,1.3197999999999999,-0.2298,-0.7867999999999999,-0.2298,-1.0731000000000002,-1.0746000000000002,0.2265999999999999,-0.2298,-1.0205,-1.2252,-1.1817,0.06640000000000001,-0.7867999999999999,-1.9439000000000002,-0.8580999999999999,0.4728000000000001,-1.3828,-0.24860000000000004,-0.3051999999999999,0.5585000000000002,-1.4154,0.4728000000000001,-0.7241,-0.8732,-0.8041,-0.8732,-0.8732,-0.9053,-1.0258,-1.0258,-0.05269999999999997,-0.6188
tggccg,0.47720000000000007,0.9882,1.9174,1.1475,0.27700000000000014,0.1454,3.2037,2.8434,1.8125,1.6136,2.8434,3.2984,2.8434,2.8434,1.6991999999999998,1.0394,2.0015,-1.0974,2.8434,2.3504,0.16959999999999997,0.9850000000000001,2.8303000000000003,1.7963,0.8718999999999999,-1.0974,1.7611,1.7365,-0.14329999999999998,0.9882,0.2078,1.3349,2.6544999999999996,1.5024,1.401,-1.0198,0.5815000000000001,2.8434,0.5815000000000001,1.6811,1.7913999999999999,1.053,0.5815000000000001,1.1994,1.5337,0.9882,1.4139,2.8434,1.17,0.9358,1.4581,1.3748,0.5995,2.3466,1.4096000000000002,0.9314,1.4581,1.3835000000000002,1.6422,1.4336,1.6422,1.6422,1.4336,0.9882,0.9882,1.916,2.9147000000000003
